Species,Family,species,sizemax
Abalistes stellatus,Balistidae,Abalistes_stellatus,60
Abudefduf abdominalis,Pomacentridae,Abudefduf_abdominalis,30
Abudefduf bengalensis,Pomacentridae,Abudefduf_bengalensis,17
Abudefduf concolor,Pomacentridae,Abudefduf_concolor,19
Abudefduf conformis,Pomacentridae,Abudefduf_conformis,13.1
Abudefduf natalensis,Pomacentridae,Abudefduf_natalensis,17
Abudefduf notatus,Pomacentridae,Abudefduf_notatus,17
Abudefduf saxatilis,Pomacentridae,Abudefduf_saxatilis,22.9
Abudefduf septemfasciatus,Pomacentridae,Abudefduf_septemfasciatus,23
Abudefduf sexfasciatus,Pomacentridae,Abudefduf_sexfasciatus,19
Abudefduf sordidus,Pomacentridae,Abudefduf_sordidus,24
Abudefduf sparoides,Pomacentridae,Abudefduf_sparoides,16
Abudefduf troschelii,Pomacentridae,Abudefduf_troschelii,20
Abudefduf vaigiensis,Pomacentridae,Abudefduf_vaigiensis,20
Abudefduf whitleyi,Pomacentridae,Abudefduf_whitleyi,14
Acanthistius cinctus,Serranidae,Acanthistius_cinctus,50
Acanthochromis polyacanthus,Pomacentridae,Acanthochromis_polyacanthus,14
Acanthostracion polygonius,Ostraciidae,Acanthostracion_polygonius,36.5458910790314
Acanthostracion quadricornis,Ostraciidae,Acanthostracion_quadricornis,36.5458910790314
Acanthurus achilles,Acanthuridae,Acanthurus_achilles,24
Acanthurus albipectoralis,Acanthuridae,Acanthurus_albipectoralis,33
Acanthurus auranticavus,Acanthuridae,Acanthurus_auranticavus,45
Acanthurus bahianus,Acanthuridae,Acanthurus_bahianus,38.7209987829669
Acanthurus bariene,Acanthuridae,Acanthurus_bariene,50
Acanthurus blochii,Acanthuridae,Acanthurus_blochii,45
Acanthurus chirurgus,Acanthuridae,Acanthurus_chirurgus,39
Acanthurus coeruleus,Acanthuridae,Acanthurus_coeruleus,39
Acanthurus dussumieri,Acanthuridae,Acanthurus_dussumieri,54
Acanthurus fowleri,Acanthuridae,Acanthurus_fowleri,45
Acanthurus grammoptilus,Acanthuridae,Acanthurus_grammoptilus,35
Acanthurus guttatus,Acanthuridae,Acanthurus_guttatus,26
Acanthurus leucocheilus,Acanthuridae,Acanthurus_leucocheilus,45
Acanthurus leucopareius,Acanthuridae,Acanthurus_leucopareius,25
Acanthurus leucosternon,Acanthuridae,Acanthurus_leucosternon,54
Acanthurus lineatus,Acanthuridae,Acanthurus_lineatus,38
Acanthurus maculiceps,Acanthuridae,Acanthurus_maculiceps,40
Acanthurus mata,Acanthuridae,Acanthurus_mata,50
Acanthurus monroviae,Acanthuridae,Acanthurus_monroviae,45
Acanthurus nigricans,Acanthuridae,Acanthurus_nigricans,21.3
Acanthurus nigricauda,Acanthuridae,Acanthurus_nigricauda,40
Acanthurus nigrofuscus,Acanthuridae,Acanthurus_nigrofuscus,21
Acanthurus nigroris,Acanthuridae,Acanthurus_nigroris,25
Acanthurus nubilus,Acanthuridae,Acanthurus_nubilus,26
Acanthurus olivaceus,Acanthuridae,Acanthurus_olivaceus,35
Acanthurus pyroferus,Acanthuridae,Acanthurus_pyroferus,29
Acanthurus reversus,Acanthuridae,Acanthurus_reversus,34
Acanthurus sohal,Acanthuridae,Acanthurus_sohal,40
Acanthurus tennentii,Acanthuridae,Acanthurus_tennentii,31
Acanthurus thompsoni,Acanthuridae,Acanthurus_thompsoni,27
Acanthurus triostegus,Acanthuridae,Acanthurus_triostegus,27
Acanthurus tristis,Acanthuridae,Acanthurus_tristis,25
Acanthurus xanthopterus,Acanthuridae,Acanthurus_xanthopterus,70
Aethaloperca rogaa,Serranidae,Aethaloperca_rogaa,60
Alphestes immaculatus,Serranidae,Alphestes_immaculatus,30
Aluterus scriptus,Monacanthidae,Aluterus_scriptus,110
Amanses scopas,Monacanthidae,Amanses_scopas,20
Amblycirrhitus pinos,Cirrhitidae,Amblycirrhitus_pinos,9.5
Amblyglyphidodon aureus,Pomacentridae,Amblyglyphidodon_aureus,13
Amblyglyphidodon batunai,Pomacentridae,Amblyglyphidodon_batunai,10
Amblyglyphidodon curacao,Pomacentridae,Amblyglyphidodon_curacao,11
Amblyglyphidodon indicus,Pomacentridae,Amblyglyphidodon_indicus,8.3
Amblyglyphidodon leucogaster,Pomacentridae,Amblyglyphidodon_leucogaster,13
Amblyglyphidodon melanopterus,Pomacentridae,Amblyglyphidodon_melanopterus,10.17
Amblyglyphidodon orbicularis,Pomacentridae,Amblyglyphidodon_orbicularis,8.3
Amblyglyphidodon ternatensis,Pomacentridae,Amblyglyphidodon_ternatensis,10
Amphichaetodon howensis,Chaetodontidae,Amphichaetodon_howensis,18
Amphiprion akallopisos,Pomacentridae,Amphiprion_akallopisos,11
Amphiprion akindynos,Pomacentridae,Amphiprion_akindynos,9
Amphiprion allardi,Pomacentridae,Amphiprion_allardi,15
Amphiprion bicinctus,Pomacentridae,Amphiprion_bicinctus,14
Amphiprion chrysopterus,Pomacentridae,Amphiprion_chrysopterus,17
Amphiprion clarkii,Pomacentridae,Amphiprion_clarkii,15
Amphiprion ephippium,Pomacentridae,Amphiprion_ephippium,14
Amphiprion frenatus,Pomacentridae,Amphiprion_frenatus,14
Amphiprion latezonatus,Pomacentridae,Amphiprion_latezonatus,14
Amphiprion mccullochi,Pomacentridae,Amphiprion_mccullochi,12
Amphiprion melanopus,Pomacentridae,Amphiprion_melanopus,12
Amphiprion ocellaris,Pomacentridae,Amphiprion_ocellaris,11
Amphiprion percula,Pomacentridae,Amphiprion_percula,11
Amphiprion perideraion,Pomacentridae,Amphiprion_perideraion,10
Amphiprion rubrocinctus,Pomacentridae,Amphiprion_rubrocinctus,12
Amphiprion sandaracinos,Pomacentridae,Amphiprion_sandaracinos,14
Anampses caeruleopunctatus,Labridae,Anampses_caeruleopunctatus,42
Anampses cuvier,Labridae,Anampses_cuvier,31
Anampses elegans,Labridae,Anampses_elegans,29
Anampses femininus,Labridae,Anampses_femininus,24
Anampses geographicus,Labridae,Anampses_geographicus,31
Anampses lennardi,Labridae,Anampses_lennardi,28
Anampses lineatus,Labridae,Anampses_lineatus,13
Anampses melanurus,Labridae,Anampses_melanurus,12
Anampses meleagrides,Labridae,Anampses_meleagrides,22
Anampses neoguinaicus,Labridae,Anampses_neoguinaicus,20
Anampses twistii,Labridae,Anampses_twistii,18
Anisotremus caesius,Haemulidae,Anisotremus_caesius,30
Anisotremus interruptus,Haemulidae,Anisotremus_interruptus,51
Anisotremus scapularis,Haemulidae,Anisotremus_scapularis,40
Anisotremus surinamensis,Haemulidae,Anisotremus_surinamensis,76
Anisotremus taeniatus,Haemulidae,Anisotremus_taeniatus,31
Anisotremus virginicus,Haemulidae,Anisotremus_virginicus,40.6
Anyperodon leucogrammicus,Serranidae,Anyperodon_leucogrammicus,65
Aphareus furca,Lutjanidae,Aphareus_furca,70
Apolemichthys trimaculatus,Pomacanthidae,Apolemichthys_trimaculatus,26
Aprion virescens,Lutjanidae,Aprion_virescens,112
Arothron hispidus,Tetraodontidae,Arothron_hispidus,50
Arothron manilensis,Tetraodontidae,Arothron_manilensis,31
Arothron mappa,Tetraodontidae,Arothron_mappa,65
Arothron meleagris,Tetraodontidae,Arothron_meleagris,50
Arothron nigropunctatus,Tetraodontidae,Arothron_nigropunctatus,33
Arothron stellatus,Tetraodontidae,Arothron_stellatus,120
Atypichthys latus,Kyphosidae,Atypichthys_latus,30
Atypichthys strigatus,Kyphosidae,Atypichthys_strigatus,25
Balistapus undulatus,Balistidae,Balistapus_undulatus,30
Balistes polylepis,Balistidae,Balistes_polylepis,76
Balistes punctatus,Balistidae,Balistes_punctatus,60
Balistes vetula,Balistidae,Balistes_vetula,60
Balistoides conspicillum,Balistidae,Balistoides_conspicillum,50
Balistoides viridescens,Balistidae,Balistoides_viridescens,75
Bathystethus cultratus,Kyphosidae,Bathystethus_cultratus,30
Belonoperca chabanaudi,Serranidae,Belonoperca_chabanaudi,15
Bodianus anthioides,Labridae,Bodianus_anthioides,24
Bodianus axillaris,Labridae,Bodianus_axillaris,20
Bodianus bilunulatus,Labridae,Bodianus_bilunulatus,55
Bodianus diana,Labridae,Bodianus_diana,16.9
Bodianus dictynna,Labridae,Bodianus_dictynna,14.4
Bodianus diplotaenia,Labridae,Bodianus_diplotaenia,76
Bodianus eclancheri,Labridae,Bodianus_eclancheri,61
Bodianus insularis,Labridae,Bodianus_insularis,33
Bodianus loxozonus,Labridae,Bodianus_loxozonus,47
Bodianus mesothorax,Labridae,Bodianus_mesothorax,25
Bodianus perditio,Labridae,Bodianus_perditio,80
Bodianus pulchellus,Labridae,Bodianus_pulchellus,28.5
Bodianus rufus,Labridae,Bodianus_rufus,40
Bodianus speciosus,Labridae,Bodianus_speciosus,50
Bolbometopon muricatum,Labridae,Bolbometopon_muricatum,16.8784431358512
Bothus mancus,Bothidae,Bothus_mancus,34.972630894826104
Bothus ocellatus,Bothidae,Bothus_ocellatus,34.972630894826104
Calotomus carolinus,Labridae,Calotomus_carolinus,25.5578902459571
Calotomus spinidens,Labridae,Calotomus_spinidens,25.5578902459571
Calotomus viridescens,Labridae,Calotomus_viridescens,25.5578902459571
Cantherhines dumerilii,Monacanthidae,Cantherhines_dumerilii,38
Cantherhines fronticinctus,Monacanthidae,Cantherhines_fronticinctus,25
Cantherhines longicaudus,Monacanthidae,Cantherhines_longicaudus,22.6194247059
Cantherhines macrocerus,Monacanthidae,Cantherhines_macrocerus,46
Cantherhines pardalis,Monacanthidae,Cantherhines_pardalis,25
Cantherhines pullus,Monacanthidae,Cantherhines_pullus,20
Cantherhines rapanui,Monacanthidae,Cantherhines_rapanui,20
Cantherhines sandwichiensis,Monacanthidae,Cantherhines_sandwichiensis,19.3
Cantheschenia grandisquamis,Monacanthidae,Cantheschenia_grandisquamis,26
Canthidermis maculata,Balistidae,Canthidermis_maculata,50
Canthidermis sufflamen,Balistidae,Canthidermis_sufflamen,65
Canthigaster amboinensis,Tetraodontidae,Canthigaster_amboinensis,15
Canthigaster axiologus,Tetraodontidae,Canthigaster_axiologus,10.1
Canthigaster bennetti,Tetraodontidae,Canthigaster_bennetti,10
Canthigaster callisterna,Tetraodontidae,Canthigaster_callisterna,23
Canthigaster capistrata,Tetraodontidae,Canthigaster_capistrata,11.034832780792
Canthigaster coronata,Tetraodontidae,Canthigaster_coronata,11
Canthigaster figueiredoi,Tetraodontidae,Canthigaster_figueiredoi,12
Canthigaster jactator,Tetraodontidae,Canthigaster_jactator,9
Canthigaster janthinoptera,Tetraodontidae,Canthigaster_janthinoptera,9
Canthigaster papua,Tetraodontidae,Canthigaster_papua,10
Canthigaster punctatissima,Tetraodontidae,Canthigaster_punctatissima,9
Canthigaster rostrata,Tetraodontidae,Canthigaster_rostrata,12
Canthigaster solandri,Tetraodontidae,Canthigaster_solandri,11.5
Canthigaster valentini,Tetraodontidae,Canthigaster_valentini,11
Centropyge acanthops,Pomacanthidae,Centropyge_acanthops,8
Centropyge bicolor,Pomacanthidae,Centropyge_bicolor,15
Centropyge bispinosa,Pomacanthidae,Centropyge_bispinosa,10
Centropyge eibli,Pomacanthidae,Centropyge_eibli,15
Centropyge ferrugata,Pomacanthidae,Centropyge_ferrugata,10
Centropyge flavissima,Pomacanthidae,Centropyge_flavissima,14
Centropyge heraldi,Pomacanthidae,Centropyge_heraldi,12
Centropyge hotumatua,Pomacanthidae,Centropyge_hotumatua,10
Centropyge joculator,Pomacanthidae,Centropyge_joculator,9
Centropyge loriculus,Pomacanthidae,Centropyge_loriculus,11.7946072423271
Centropyge multispinis,Pomacanthidae,Centropyge_multispinis,14
Centropyge nox,Pomacanthidae,Centropyge_nox,10
Centropyge potteri,Pomacanthidae,Centropyge_potteri,10
Centropyge tibicen,Pomacanthidae,Centropyge_tibicen,19
Centropyge vrolikii,Pomacanthidae,Centropyge_vrolikii,12
Cephalopholis argus,Serranidae,Cephalopholis_argus,60
Cephalopholis boenak,Serranidae,Cephalopholis_boenak,30
Cephalopholis cruentata,Serranidae,Cephalopholis_cruentata,42.6
Cephalopholis cyanostigma,Serranidae,Cephalopholis_cyanostigma,40
Cephalopholis fulva,Serranidae,Cephalopholis_fulva,44
Cephalopholis hemistiktos,Serranidae,Cephalopholis_hemistiktos,35
Cephalopholis leopardus,Serranidae,Cephalopholis_leopardus,24
Cephalopholis microprion,Serranidae,Cephalopholis_microprion,25
Cephalopholis miniata,Serranidae,Cephalopholis_miniata,50
Cephalopholis nigripinnis,Serranidae,Cephalopholis_nigripinnis,28
Cephalopholis panamensis,Serranidae,Cephalopholis_panamensis,39
Cephalopholis sexmaculata,Serranidae,Cephalopholis_sexmaculata,50
Cephalopholis sonnerati,Serranidae,Cephalopholis_sonnerati,57
Cephalopholis spiloparaea,Serranidae,Cephalopholis_spiloparaea,30
Cephalopholis taeniops,Serranidae,Cephalopholis_taeniops,70
Cephalopholis urodeta,Serranidae,Cephalopholis_urodeta,28
Cetoscarus bicolor,Labridae,Cetoscarus_bicolor,19.6287327314531
Cetoscarus ocellatus,Labridae,Cetoscarus_ocellatus,19.6287327314531
Chaetodon adiergastos,Chaetodontidae,Chaetodon_adiergastos,20
Chaetodon andamanensis,Chaetodontidae,Chaetodon_andamanensis,15
Chaetodon argentatus,Chaetodontidae,Chaetodon_argentatus,20
Chaetodon assarius,Chaetodontidae,Chaetodon_assarius,13
Chaetodon aureofasciatus,Chaetodontidae,Chaetodon_aureofasciatus,12.5
Chaetodon auriga,Chaetodontidae,Chaetodon_auriga,23
Chaetodon auripes,Chaetodontidae,Chaetodon_auripes,20
Chaetodon austriacus,Chaetodontidae,Chaetodon_austriacus,13
Chaetodon baronessa,Chaetodontidae,Chaetodon_baronessa,16
Chaetodon bennetti,Chaetodontidae,Chaetodon_bennetti,20
Chaetodon capistratus,Chaetodontidae,Chaetodon_capistratus,15
Chaetodon citrinellus,Chaetodontidae,Chaetodon_citrinellus,13
Chaetodon collare,Chaetodontidae,Chaetodon_collare,18
Chaetodon decussatus,Chaetodontidae,Chaetodon_decussatus,20
Chaetodon ephippium,Chaetodontidae,Chaetodon_ephippium,30
Chaetodon falcula,Chaetodontidae,Chaetodon_falcula,20
Chaetodon fasciatus,Chaetodontidae,Chaetodon_fasciatus,22
Chaetodon flavirostris,Chaetodontidae,Chaetodon_flavirostris,20
Chaetodon guentheri,Chaetodontidae,Chaetodon_guentheri,18
Chaetodon guttatissimus,Chaetodontidae,Chaetodon_guttatissimus,12
Chaetodon humeralis,Chaetodontidae,Chaetodon_humeralis,25.4
Chaetodon interruptus,Chaetodontidae,Chaetodon_interruptus,20
Chaetodon kleinii,Chaetodontidae,Chaetodon_kleinii,15
Chaetodon lineolatus,Chaetodontidae,Chaetodon_lineolatus,30
Chaetodon litus,Chaetodontidae,Chaetodon_litus,15.5
Chaetodon lunula,Chaetodontidae,Chaetodon_lunula,20
Chaetodon lunulatus,Chaetodontidae,Chaetodon_lunulatus,14
Chaetodon madagaskariensis,Chaetodontidae,Chaetodon_madagaskariensis,13
Chaetodon melannotus,Chaetodontidae,Chaetodon_melannotus,18
Chaetodon mertensii,Chaetodontidae,Chaetodon_mertensii,12.5
Chaetodon meyeri,Chaetodontidae,Chaetodon_meyeri,20
Chaetodon miliaris,Chaetodontidae,Chaetodon_miliaris,13
Chaetodon multicinctus,Chaetodontidae,Chaetodon_multicinctus,12
Chaetodon ocellatus,Chaetodontidae,Chaetodon_ocellatus,20
Chaetodon ocellicaudus,Chaetodontidae,Chaetodon_ocellicaudus,15
Chaetodon octofasciatus,Chaetodontidae,Chaetodon_octofasciatus,12
Chaetodon ornatissimus,Chaetodontidae,Chaetodon_ornatissimus,20
Chaetodon oxycephalus,Chaetodontidae,Chaetodon_oxycephalus,25
Chaetodon paucifasciatus,Chaetodontidae,Chaetodon_paucifasciatus,14
Chaetodon pelewensis,Chaetodontidae,Chaetodon_pelewensis,12.5
Chaetodon plebeius,Chaetodontidae,Chaetodon_plebeius,15
Chaetodon punctatofasciatus,Chaetodontidae,Chaetodon_punctatofasciatus,12
Chaetodon quadrimaculatus,Chaetodontidae,Chaetodon_quadrimaculatus,16
Chaetodon rafflesii,Chaetodontidae,Chaetodon_rafflesii,18
Chaetodon rainfordi,Chaetodontidae,Chaetodon_rainfordi,15
Chaetodon reticulatus,Chaetodontidae,Chaetodon_reticulatus,18
Chaetodon robustus,Chaetodontidae,Chaetodon_robustus,14.5
Chaetodon sedentarius,Chaetodontidae,Chaetodon_sedentarius,15
Chaetodon semeion,Chaetodontidae,Chaetodon_semeion,26
Chaetodon semilarvatus,Chaetodontidae,Chaetodon_semilarvatus,23
Chaetodon smithi,Chaetodontidae,Chaetodon_smithi,19
Chaetodon speculum,Chaetodontidae,Chaetodon_speculum,18
Chaetodon striatus,Chaetodontidae,Chaetodon_striatus,16
Chaetodon triangulum,Chaetodontidae,Chaetodon_triangulum,16
Chaetodon trichrous,Chaetodontidae,Chaetodon_trichrous,12
Chaetodon tricinctus,Chaetodontidae,Chaetodon_tricinctus,15
Chaetodon trifascialis,Chaetodontidae,Chaetodon_trifascialis,18
Chaetodon trifasciatus,Chaetodontidae,Chaetodon_trifasciatus,15
Chaetodon ulietensis,Chaetodontidae,Chaetodon_ulietensis,15
Chaetodon unimaculatus,Chaetodontidae,Chaetodon_unimaculatus,20
Chaetodon vagabundus,Chaetodontidae,Chaetodon_vagabundus,23
Chaetodon wiebeli,Chaetodontidae,Chaetodon_wiebeli,19
Chaetodon xanthocephalus,Chaetodontidae,Chaetodon_xanthocephalus,20
Chaetodon xanthurus,Chaetodontidae,Chaetodon_xanthurus,14
Chaetodon zanzibarensis,Chaetodontidae,Chaetodon_zanzibarensis,12
Chaetodontoplus conspicillatus,Pomacanthidae,Chaetodontoplus_conspicillatus,10
Chaetodontoplus duboulayi,Pomacanthidae,Chaetodontoplus_duboulayi,28
Chaetodontoplus meredithi,Pomacanthidae,Chaetodontoplus_meredithi,25
Chaetodontoplus mesoleucus,Pomacanthidae,Chaetodontoplus_mesoleucus,18
Chaetodontoplus personifer,Pomacanthidae,Chaetodontoplus_personifer,35
Cheilinus chlorourus,Labridae,Cheilinus_chlorourus,45
Cheilinus fasciatus,Labridae,Cheilinus_fasciatus,40
Cheilinus lunulatus,Labridae,Cheilinus_lunulatus,50
Cheilinus oxycephalus,Labridae,Cheilinus_oxycephalus,17
Cheilinus trilobatus,Labridae,Cheilinus_trilobatus,45
Cheilinus undulatus,Labridae,Cheilinus_undulatus,229
Cheilio inermis,Labridae,Cheilio_inermis,50
Chelmon marginalis,Chaetodontidae,Chelmon_marginalis,18
Chelmon rostratus,Chaetodontidae,Chelmon_rostratus,20
Chelmonops truncatus,Chaetodontidae,Chelmonops_truncatus,22
Chlorurus bleekeri,Labridae,Chlorurus_bleekeri,18.4136493035799
Chlorurus bowersi,Labridae,Chlorurus_bowersi,18.4136493035799
Chlorurus capistratoides,Labridae,Chlorurus_capistratoides,18.4136493035799
Chlorurus frontalis,Labridae,Chlorurus_frontalis,18.4136493035799
Chlorurus japanensis,Labridae,Chlorurus_japanensis,18.4136493035799
Chlorurus microrhinos,Labridae,Chlorurus_microrhinos,18.4136493035799
Chlorurus perspicillatus,Labridae,Chlorurus_perspicillatus,27.2000281978431
Chlorurus rhakoura,Labridae,Chlorurus_rhakoura,18.4136493035799
Chlorurus sordidus,Labridae,Chlorurus_sordidus,18.4136493035799
Chlorurus spilurus,Labridae,Chlorurus_spilurus,18.4136493035799
Chlorurus strongylocephalus,Labridae,Chlorurus_strongylocephalus,26.3164478585671
Choerodon anchorago,Labridae,Choerodon_anchorago,50
Choerodon cauteroma,Labridae,Choerodon_cauteroma,36
Choerodon cephalotes,Labridae,Choerodon_cephalotes,38
Choerodon cyanodus,Labridae,Choerodon_cyanodus,70
Choerodon fasciatus,Labridae,Choerodon_fasciatus,30
Choerodon graphicus,Labridae,Choerodon_graphicus,51.5
Choerodon monostigma,Labridae,Choerodon_monostigma,25
Choerodon rubescens,Labridae,Choerodon_rubescens,90
Choerodon schoenleinii,Labridae,Choerodon_schoenleinii,100
Choerodon vitta,Labridae,Choerodon_vitta,20
Chromis agilis,Pomacentridae,Chromis_agilis,7.5
Chromis alpha,Pomacentridae,Chromis_alpha,8.5
Chromis alta,Pomacentridae,Chromis_alta,13
Chromis amboinensis,Pomacentridae,Chromis_amboinensis,10
Chromis analis,Pomacentridae,Chromis_analis,17
Chromis atrilobata,Pomacentridae,Chromis_atrilobata,13.4
Chromis atripectoralis,Pomacentridae,Chromis_atripectoralis,12
Chromis atripes,Pomacentridae,Chromis_atripes,9
Chromis caudalis,Pomacentridae,Chromis_caudalis,7.5
Chromis chrysura,Pomacentridae,Chromis_chrysura,14
Chromis cinerascens,Pomacentridae,Chromis_cinerascens,13
Chromis crusma,Pomacentridae,Chromis_crusma,14
Chromis cyanea,Pomacentridae,Chromis_cyanea,15
Chromis dasygenys,Pomacentridae,Chromis_dasygenys,12
Chromis dimidiata,Pomacentridae,Chromis_dimidiata,9
Chromis elerae,Pomacentridae,Chromis_elerae,7
Chromis flavaxilla,Pomacentridae,Chromis_flavaxilla,7.2
Chromis flavomaculata,Pomacentridae,Chromis_flavomaculata,16
Chromis fumea,Pomacentridae,Chromis_fumea,10
Chromis hypsilepis,Pomacentridae,Chromis_hypsilepis,16
Chromis insolata,Pomacentridae,Chromis_insolata,16
Chromis iomelas,Pomacentridae,Chromis_iomelas,8
Chromis lepidolepis,Pomacentridae,Chromis_lepidolepis,9
Chromis lineata,Pomacentridae,Chromis_lineata,7
Chromis lubbocki,Pomacentridae,Chromis_lubbocki,12.5
Chromis margaritifer,Pomacentridae,Chromis_margaritifer,9
Chromis multilineata,Pomacentridae,Chromis_multilineata,20
Chromis nitida,Pomacentridae,Chromis_nitida,7
Chromis notata,Pomacentridae,Chromis_notata,17
Chromis opercularis,Pomacentridae,Chromis_opercularis,17
Chromis ovalis,Pomacentridae,Chromis_ovalis,15
Chromis pamae,Pomacentridae,Chromis_pamae,10.38
Chromis pelloura,Pomacentridae,Chromis_pelloura,14
Chromis pembae,Pomacentridae,Chromis_pembae,13
Chromis randalli,Pomacentridae,Chromis_randalli,15
Chromis scotochiloptera,Pomacentridae,Chromis_scotochiloptera,16
Chromis ternatensis,Pomacentridae,Chromis_ternatensis,10.5
Chromis verater,Pomacentridae,Chromis_verater,16
Chromis viridis,Pomacentridae,Chromis_viridis,10
Chromis weberi,Pomacentridae,Chromis_weberi,13.5
Chromis xanthochira,Pomacentridae,Chromis_xanthochira,14
Chromis xanthura,Pomacentridae,Chromis_xanthura,17
Chrysiptera biocellata,Pomacentridae,Chrysiptera_biocellata,12.5
Chrysiptera brownriggii,Pomacentridae,Chrysiptera_brownriggii,8
Chrysiptera cyanea,Pomacentridae,Chrysiptera_cyanea,8.5
Chrysiptera flavipinnis,Pomacentridae,Chrysiptera_flavipinnis,8
Chrysiptera galba,Pomacentridae,Chrysiptera_galba,7
Chrysiptera glauca,Pomacentridae,Chrysiptera_glauca,11.5
Chrysiptera hemicyanea,Pomacentridae,Chrysiptera_hemicyanea,7
Chrysiptera notialis,Pomacentridae,Chrysiptera_notialis,9
Chrysiptera rex,Pomacentridae,Chrysiptera_rex,7
Chrysiptera rollandi,Pomacentridae,Chrysiptera_rollandi,7.5
Chrysiptera taupou,Pomacentridae,Chrysiptera_taupou,8
Cirrhilabrus beauperryi,Labridae,Cirrhilabrus_beauperryi,8.51
Cirrhilabrus cyanopleura,Labridae,Cirrhilabrus_cyanopleura,15
Cirrhilabrus exquisitus,Labridae,Cirrhilabrus_exquisitus,12
Cirrhilabrus laboutei,Labridae,Cirrhilabrus_laboutei,12
Cirrhilabrus punctatus,Labridae,Cirrhilabrus_punctatus,13
Cirrhilabrus randalli,Labridae,Cirrhilabrus_randalli,8.45
Cirrhilabrus scottorum,Labridae,Cirrhilabrus_scottorum,13
Cirrhilabrus solorensis,Labridae,Cirrhilabrus_solorensis,11
Cirrhilabrus temminckii,Labridae,Cirrhilabrus_temminckii,9.9
Cirrhitichthys aprinus,Cirrhitidae,Cirrhitichthys_aprinus,12.5
Cirrhitichthys falco,Cirrhitidae,Cirrhitichthys_falco,7
Cirrhitichthys oxycephalus,Cirrhitidae,Cirrhitichthys_oxycephalus,10
Cirrhitops fasciatus,Cirrhitidae,Cirrhitops_fasciatus,12.7
Cirrhitops hubbardi,Cirrhitidae,Cirrhitops_hubbardi,25
Cirrhitus atlanticus,Cirrhitidae,Cirrhitus_atlanticus,16
Cirrhitus pinnulatus,Cirrhitidae,Cirrhitus_pinnulatus,30
Cirrhitus rivulatus,Cirrhitidae,Cirrhitus_rivulatus,60
Clepticus africanus,Labridae,Clepticus_africanus,25.8800499987548
Clepticus brasiliensis,Labridae,Clepticus_brasiliensis,23.3
Clepticus parrae,Labridae,Clepticus_parrae,30
Coradion altivelis,Chaetodontidae,Coradion_altivelis,18
Coradion chrysozonus,Chaetodontidae,Coradion_chrysozonus,15
Coris atlantica,Labridae,Coris_atlantica,32.7324367126496
Coris aurilineata,Labridae,Coris_aurilineata,14
Coris aygula,Labridae,Coris_aygula,120
Coris batuensis,Labridae,Coris_batuensis,17
Coris bulbifrons,Labridae,Coris_bulbifrons,60
Coris caudimacula,Labridae,Coris_caudimacula,20
Coris centralis,Labridae,Coris_centralis,9.16
Coris cuvieri,Labridae,Coris_cuvieri,38
Coris debueni,Labridae,Coris_debueni,27
Coris dorsomacula,Labridae,Coris_dorsomacula,38
Coris formosa,Labridae,Coris_formosa,60
Coris gaimard,Labridae,Coris_gaimard,40
Coris hewetti,Labridae,Coris_hewetti,13.9
Coris picta,Labridae,Coris_picta,25
Coris pictoides,Labridae,Coris_pictoides,15
Coris roseoviridis,Labridae,Coris_roseoviridis,19.8
Coris sandeyeri,Labridae,Coris_sandeyeri,25
Coris venusta,Labridae,Coris_venusta,19.3
Crenimugil crenilabis,Mugilidae,Crenimugil_crenilabis,60
Cromileptes altivelis,Serranidae,Cromileptes_altivelis,70
Cryptotomus roseus,Labridae,Cryptotomus_roseus,25.5578902459571
Ctenochaetus binotatus,Acanthuridae,Ctenochaetus_binotatus,22
Ctenochaetus cyanocheilus,Acanthuridae,Ctenochaetus_cyanocheilus,16
Ctenochaetus flavicauda,Acanthuridae,Ctenochaetus_flavicauda,16
Ctenochaetus hawaiiensis,Acanthuridae,Ctenochaetus_hawaiiensis,25
Ctenochaetus marginatus,Acanthuridae,Ctenochaetus_marginatus,27
Ctenochaetus striatus,Acanthuridae,Ctenochaetus_striatus,26
Ctenochaetus strigosus,Acanthuridae,Ctenochaetus_strigosus,15
Ctenochaetus tominiensis,Acanthuridae,Ctenochaetus_tominiensis,16
Ctenochaetus truncatus,Acanthuridae,Ctenochaetus_truncatus,16
Cyprinocirrhites polyactis,Cirrhitidae,Cyprinocirrhites_polyactis,15
Dascyllus albisella,Pomacentridae,Dascyllus_albisella,13
Dascyllus aruanus,Pomacentridae,Dascyllus_aruanus,10
Dascyllus carneus,Pomacentridae,Dascyllus_carneus,7
Dascyllus flavicaudus,Pomacentridae,Dascyllus_flavicaudus,12
Dascyllus reticulatus,Pomacentridae,Dascyllus_reticulatus,9
Dascyllus strasburgi,Pomacentridae,Dascyllus_strasburgi,9
Dascyllus trimaculatus,Pomacentridae,Dascyllus_trimaculatus,14
Dendrochirus zebra,Scorpaenidae,Dendrochirus_zebra,25
Dermatolepis dermatolepis,Serranidae,Dermatolepis_dermatolepis,100
Diagramma labiosum,Haemulidae,Diagramma_labiosum,90
Diagramma pictum,Haemulidae,Diagramma_pictum,100
Diplectrum radiale,Serranidae,Diplectrum_radiale,26
Diploprion bifasciatum,Serranidae,Diploprion_bifasciatum,25
Diproctacanthus xanthurus,Labridae,Diproctacanthus_xanthurus,10
Dischistodus chrysopoecilus,Pomacentridae,Dischistodus_chrysopoecilus,15
Dischistodus melanotus,Pomacentridae,Dischistodus_melanotus,16
Dischistodus perspicillatus,Pomacentridae,Dischistodus_perspicillatus,18
Dischistodus prosopotaenia,Pomacentridae,Dischistodus_prosopotaenia,18.5
Dischistodus pseudochrysopoecilus,Pomacentridae,Dischistodus_pseudochrysopoecilus,18
Ellochelon vaigiensis,Mugilidae,Ellochelon_vaigiensis,55.8985050649686
Epibulus brevis,Labridae,Epibulus_brevis,18.5
Epibulus insidiator,Labridae,Epibulus_insidiator,54
Epinephelus adscensionis,Serranidae,Epinephelus_adscensionis,65
Epinephelus bilobatus,Serranidae,Epinephelus_bilobatus,33
Epinephelus clippertonensis,Serranidae,Epinephelus_clippertonensis,61
Epinephelus coeruleopunctatus,Serranidae,Epinephelus_coeruleopunctatus,76
Epinephelus coioides,Serranidae,Epinephelus_coioides,120
Epinephelus corallicola,Serranidae,Epinephelus_corallicola,49
Epinephelus cyanopodus,Serranidae,Epinephelus_cyanopodus,122
Epinephelus daemelii,Serranidae,Epinephelus_daemelii,200
Epinephelus fasciatus,Serranidae,Epinephelus_fasciatus,40
Epinephelus fuscoguttatus,Serranidae,Epinephelus_fuscoguttatus,120
Epinephelus guttatus,Serranidae,Epinephelus_guttatus,76
Epinephelus hexagonatus,Serranidae,Epinephelus_hexagonatus,27.5
Epinephelus howlandi,Serranidae,Epinephelus_howlandi,55
Epinephelus irroratus,Serranidae,Epinephelus_irroratus,34
Epinephelus labriformis,Serranidae,Epinephelus_labriformis,60
Epinephelus lanceolatus,Serranidae,Epinephelus_lanceolatus,270
Epinephelus macrospilos,Serranidae,Epinephelus_macrospilos,51
Epinephelus maculatus,Serranidae,Epinephelus_maculatus,60.5
Epinephelus malabaricus,Serranidae,Epinephelus_malabaricus,234
Epinephelus marginatus,Serranidae,Epinephelus_marginatus,78.4611870285074
Epinephelus merra,Serranidae,Epinephelus_merra,32
Epinephelus morio,Serranidae,Epinephelus_morio,125
Epinephelus multinotatus,Serranidae,Epinephelus_multinotatus,100
Epinephelus ongus,Serranidae,Epinephelus_ongus,40
Epinephelus polyphekadion,Serranidae,Epinephelus_polyphekadion,90
Epinephelus quoyanus,Serranidae,Epinephelus_quoyanus,40
Epinephelus rivulatus,Serranidae,Epinephelus_rivulatus,45
Epinephelus spilotoceps,Serranidae,Epinephelus_spilotoceps,35
Epinephelus tauvina,Serranidae,Epinephelus_tauvina,100
Epinephelus tukula,Serranidae,Epinephelus_tukula,200
Equetus punctatus,Sciaenidae,Equetus_punctatus,27
Fistularia commersonii,Fistulariidae,Fistularia_commersonii,35.1601296528843
Fistularia tabacaria,Fistulariidae,Fistularia_tabacaria,35.1601296528843
Forcipiger flavissimus,Chaetodontidae,Forcipiger_flavissimus,22
Forcipiger longirostris,Chaetodontidae,Forcipiger_longirostris,22
Genicanthus caudovittatus,Pomacanthidae,Genicanthus_caudovittatus,20
Genicanthus lamarck,Pomacanthidae,Genicanthus_lamarck,25
Genicanthus melanospilos,Pomacanthidae,Genicanthus_melanospilos,18
Genicanthus semicinctus,Pomacanthidae,Genicanthus_semicinctus,21
Genicanthus watanabei,Pomacanthidae,Genicanthus_watanabei,15
Girella cyanea,Kyphosidae,Girella_cyanea,20
Girella freminvillii,Kyphosidae,Girella_freminvillii,45
Girella stuebeli,Kyphosidae,Girella_stuebeli,24
Gnathodentex aureolineatus,Lethrinidae,Gnathodentex_aureolineatus,30
Gomphosus caeruleus,Labridae,Gomphosus_caeruleus,32
Gomphosus varius,Labridae,Gomphosus_varius,30
Gracila albomarginata,Serranidae,Gracila_albomarginata,40
Grammistes sexlineatus,Serranidae,Grammistes_sexlineatus,30
Gymnocranius euanus,Lethrinidae,Gymnocranius_euanus,45
Gymnocranius microdon,Lethrinidae,Gymnocranius_microdon,45
Haemulon album,Haemulidae,Haemulon_album,79
Haemulon aurolineatum,Haemulidae,Haemulon_aurolineatum,25
Haemulon carbonarium,Haemulidae,Haemulon_carbonarium,36
Haemulon chrysargyreum,Haemulidae,Haemulon_chrysargyreum,23
Haemulon flaviguttatum,Haemulidae,Haemulon_flaviguttatum,42
Haemulon flavolineatum,Haemulidae,Haemulon_flavolineatum,30
Haemulon macrostomum,Haemulidae,Haemulon_macrostomum,43
Haemulon maculicauda,Haemulidae,Haemulon_maculicauda,30
Haemulon parra,Haemulidae,Haemulon_parra,41.2
Haemulon plumierii,Haemulidae,Haemulon_plumierii,53
Haemulon sciurus,Haemulidae,Haemulon_sciurus,46
Haemulon scudderii,Haemulidae,Haemulon_scudderii,35
Haemulon sexfasciatum,Haemulidae,Haemulon_sexfasciatum,71
Haemulon steindachneri,Haemulidae,Haemulon_steindachneri,30
Halichoeres adustus,Labridae,Halichoeres_adustus,12.5
Halichoeres argus,Labridae,Halichoeres_argus,12
Halichoeres biocellatus,Labridae,Halichoeres_biocellatus,12
Halichoeres bivittatus,Labridae,Halichoeres_bivittatus,35
Halichoeres brasiliensis,Labridae,Halichoeres_brasiliensis,39.5
Halichoeres brownfieldi,Labridae,Halichoeres_brownfieldi,15
Halichoeres chierchiae,Labridae,Halichoeres_chierchiae,17.5
Halichoeres chloropterus,Labridae,Halichoeres_chloropterus,19
Halichoeres chrysus,Labridae,Halichoeres_chrysus,12
Halichoeres cosmetus,Labridae,Halichoeres_cosmetus,13
Halichoeres cyanocephalus,Labridae,Halichoeres_cyanocephalus,30
Halichoeres dimidiatus,Labridae,Halichoeres_dimidiatus,27
Halichoeres discolor,Labridae,Halichoeres_discolor,15
Halichoeres dispilus,Labridae,Halichoeres_dispilus,25
Halichoeres erdmanni,Labridae,Halichoeres_erdmanni,7.22
Halichoeres garnoti,Labridae,Halichoeres_garnoti,19.3
Halichoeres hartzfeldii,Labridae,Halichoeres_hartzfeldii,18
Halichoeres hortulanus,Labridae,Halichoeres_hortulanus,27
Halichoeres insularis,Labridae,Halichoeres_insularis,7
Halichoeres iridis,Labridae,Halichoeres_iridis,11.5
Halichoeres leucurus,Labridae,Halichoeres_leucurus,13
Halichoeres maculipinna,Labridae,Halichoeres_maculipinna,18
Halichoeres malpelo,Labridae,Halichoeres_malpelo,15
Halichoeres margaritaceus,Labridae,Halichoeres_margaritaceus,12.5
Halichoeres marginatus,Labridae,Halichoeres_marginatus,18
Halichoeres melanochir,Labridae,Halichoeres_melanochir,18
Halichoeres melanotis,Labridae,Halichoeres_melanotis,13
Halichoeres melanurus,Labridae,Halichoeres_melanurus,12
Halichoeres miniatus,Labridae,Halichoeres_miniatus,14
Halichoeres nebulosus,Labridae,Halichoeres_nebulosus,12
Halichoeres nicholsi,Labridae,Halichoeres_nicholsi,38
Halichoeres nigrescens,Labridae,Halichoeres_nigrescens,14
Halichoeres notospilus,Labridae,Halichoeres_notospilus,25.4
Halichoeres ornatissimus,Labridae,Halichoeres_ornatissimus,18
Halichoeres pictus,Labridae,Halichoeres_pictus,13
Halichoeres poeyi,Labridae,Halichoeres_poeyi,20
Halichoeres prosopeion,Labridae,Halichoeres_prosopeion,13
Halichoeres radiatus,Labridae,Halichoeres_radiatus,51
Halichoeres richmondi,Labridae,Halichoeres_richmondi,19
Halichoeres rubrovirens,Labridae,Halichoeres_rubrovirens,23.1
Halichoeres salmofasciatus,Labridae,Halichoeres_salmofasciatus,6.29
Halichoeres scapularis,Labridae,Halichoeres_scapularis,20
Halichoeres solorensis,Labridae,Halichoeres_solorensis,18
Halichoeres trimaculatus,Labridae,Halichoeres_trimaculatus,27
Hemiglyphidodon plagiometopon,Pomacentridae,Hemiglyphidodon_plagiometopon,18
Hemigymnus fasciatus,Labridae,Hemigymnus_fasciatus,30
Hemigymnus melapterus,Labridae,Hemigymnus_melapterus,37
Hemitaurichthys polylepis,Chaetodontidae,Hemitaurichthys_polylepis,18
Hemitaurichthys thompsoni,Chaetodontidae,Hemitaurichthys_thompsoni,18
Hemitaurichthys zoster,Chaetodontidae,Hemitaurichthys_zoster,18
Heniochus acuminatus,Chaetodontidae,Heniochus_acuminatus,25
Heniochus chrysostomus,Chaetodontidae,Heniochus_chrysostomus,18
Heniochus diphreutes,Chaetodontidae,Heniochus_diphreutes,21
Heniochus intermedius,Chaetodontidae,Heniochus_intermedius,18
Heniochus monoceros,Chaetodontidae,Heniochus_monoceros,24
Heniochus pleurotaenia,Chaetodontidae,Heniochus_pleurotaenia,17
Heniochus singularius,Chaetodontidae,Heniochus_singularius,30
Heniochus varius,Chaetodontidae,Heniochus_varius,19
Hipposcarus harid,Labridae,Hipposcarus_harid,20.6526884144407
Hipposcarus longiceps,Labridae,Hipposcarus_longiceps,20.6526884144407
Holacanthus africanus,Pomacanthidae,Holacanthus_africanus,45
Holacanthus bermudensis,Pomacanthidae,Holacanthus_bermudensis,45
Holacanthus ciliaris,Pomacanthidae,Holacanthus_ciliaris,45
Holacanthus clarionensis,Pomacanthidae,Holacanthus_clarionensis,20
Holacanthus passer,Pomacanthidae,Holacanthus_passer,35.6
Holacanthus tricolor,Pomacanthidae,Holacanthus_tricolor,35
Holocentrus adscensionis,Holocentridae,Holocentrus_adscensionis,61
Holocentrus rufus,Holocentridae,Holocentrus_rufus,35
Hologymnosus annulatus,Labridae,Hologymnosus_annulatus,40
Hologymnosus doliatus,Labridae,Hologymnosus_doliatus,50
Hoplopagrus guentherii,Lutjanidae,Hoplopagrus_guentherii,92
Hypoplectrus chlorurus,Serranidae,Hypoplectrus_chlorurus,12.7
Hypoplectrus gemma,Serranidae,Hypoplectrus_gemma,13
Hypoplectrus guttavarius,Serranidae,Hypoplectrus_guttavarius,13
Hypoplectrus indigo,Serranidae,Hypoplectrus_indigo,14.25
Hypoplectrus nigricans,Serranidae,Hypoplectrus_nigricans,15.24
Hypoplectrus providencianus,Serranidae,Hypoplectrus_providencianus,14.2593051042891
Hypoplectrus puella,Serranidae,Hypoplectrus_puella,15.24
Hypoplectrus unicolor,Serranidae,Hypoplectrus_unicolor,12.7
Itycirrhitus wilhelmi,Cirrhitidae,Itycirrhitus_wilhelmi,12
Johnrandallia nigrirostris,Chaetodontidae,Johnrandallia_nigrirostris,20
Kyphosus analogus,Kyphosidae,Kyphosus_analogus,45
Kyphosus bigibbus,Kyphosidae,Kyphosus_bigibbus,75
Kyphosus cinerascens,Kyphosidae,Kyphosus_cinerascens,50.7
Kyphosus elegans,Kyphosidae,Kyphosus_elegans,53
Kyphosus incisor,Kyphosidae,Kyphosus_incisor,90
Kyphosus sandwicensis,Kyphosidae,Kyphosus_sandwicensis,75.4769766336388
Kyphosus sectatrix,Kyphosidae,Kyphosus_sectatrix,76
Kyphosus sydneyanus,Kyphosidae,Kyphosus_sydneyanus,80
Kyphosus vaigiensis,Kyphosidae,Kyphosus_vaigiensis,70
Labracoglossa nitida,Kyphosidae,Labracoglossa_nitida,20
Labrichthys unilineatus,Labridae,Labrichthys_unilineatus,17.5
Labroides bicolor,Labridae,Labroides_bicolor,15
Labroides dimidiatus,Labridae,Labroides_dimidiatus,14
Labroides pectoralis,Labridae,Labroides_pectoralis,11
Labroides phthirophagus,Labridae,Labroides_phthirophagus,12
Labroides rubrolabiatus,Labridae,Labroides_rubrolabiatus,9
Labropsis alleni,Labridae,Labropsis_alleni,10
Labropsis australis,Labridae,Labropsis_australis,10.5
Labropsis xanthonota,Labridae,Labropsis_xanthonota,13
Lachnolaimus maximus,Labridae,Lachnolaimus_maximus,91
Lactophrys bicaudalis,Ostraciidae,Lactophrys_bicaudalis,36.5458910790314
Lactoria diaphana,Ostraciidae,Lactoria_diaphana,36.5458910790314
Lepidozygus tapeinosoma,Pomacentridae,Lepidozygus_tapeinosoma,10.5
Leptojulis cyanopleura,Labridae,Leptojulis_cyanopleura,13
Leptoscarus vaigiensis,Labridae,Leptoscarus_vaigiensis,28.1022047878421
Lethrinus amboinensis,Lethrinidae,Lethrinus_amboinensis,70
Lethrinus atkinsoni,Lethrinidae,Lethrinus_atkinsoni,50
Lethrinus atlanticus,Lethrinidae,Lethrinus_atlanticus,50
Lethrinus borbonicus,Lethrinidae,Lethrinus_borbonicus,40
Lethrinus erythracanthus,Lethrinidae,Lethrinus_erythracanthus,70
Lethrinus erythropterus,Lethrinidae,Lethrinus_erythropterus,50
Lethrinus genivittatus,Lethrinidae,Lethrinus_genivittatus,25
Lethrinus harak,Lethrinidae,Lethrinus_harak,50
Lethrinus laticaudis,Lethrinidae,Lethrinus_laticaudis,56
Lethrinus lentjan,Lethrinidae,Lethrinus_lentjan,52
Lethrinus miniatus,Lethrinidae,Lethrinus_miniatus,90
Lethrinus nebulosus,Lethrinidae,Lethrinus_nebulosus,87
Lethrinus obsoletus,Lethrinidae,Lethrinus_obsoletus,60
Lethrinus olivaceus,Lethrinidae,Lethrinus_olivaceus,100
Lethrinus ornatus,Lethrinidae,Lethrinus_ornatus,45
Lethrinus rubrioperculatus,Lethrinidae,Lethrinus_rubrioperculatus,50
Lethrinus xanthochilus,Lethrinidae,Lethrinus_xanthochilus,70
Lutjanus alexandrei,Lutjanidae,Lutjanus_alexandrei,24.3
Lutjanus analis,Lutjanidae,Lutjanus_analis,94
Lutjanus apodus,Lutjanidae,Lutjanus_apodus,79.1
Lutjanus aratus,Lutjanidae,Lutjanus_aratus,100
Lutjanus argentimaculatus,Lutjanidae,Lutjanus_argentimaculatus,150
Lutjanus argentiventris,Lutjanidae,Lutjanus_argentiventris,71
Lutjanus biguttatus,Lutjanidae,Lutjanus_biguttatus,25
Lutjanus bohar,Lutjanidae,Lutjanus_bohar,90
Lutjanus carponotatus,Lutjanidae,Lutjanus_carponotatus,40
Lutjanus decussatus,Lutjanidae,Lutjanus_decussatus,35
Lutjanus ehrenbergii,Lutjanidae,Lutjanus_ehrenbergii,35
Lutjanus erythropterus,Lutjanidae,Lutjanus_erythropterus,81.6
Lutjanus fulgens,Lutjanidae,Lutjanus_fulgens,60
Lutjanus fulviflamma,Lutjanidae,Lutjanus_fulviflamma,35
Lutjanus fulvus,Lutjanidae,Lutjanus_fulvus,40
Lutjanus gibbus,Lutjanidae,Lutjanus_gibbus,50
Lutjanus goreensis,Lutjanidae,Lutjanus_goreensis,80
Lutjanus griseus,Lutjanidae,Lutjanus_griseus,89
Lutjanus guttatus,Lutjanidae,Lutjanus_guttatus,80
Lutjanus inermis,Lutjanidae,Lutjanus_inermis,34
Lutjanus jocu,Lutjanidae,Lutjanus_jocu,128
Lutjanus johnii,Lutjanidae,Lutjanus_johnii,97
Lutjanus jordani,Lutjanidae,Lutjanus_jordani,60
Lutjanus kasmira,Lutjanidae,Lutjanus_kasmira,40
Lutjanus lemniscatus,Lutjanidae,Lutjanus_lemniscatus,65
Lutjanus lutjanus,Lutjanidae,Lutjanus_lutjanus,35
Lutjanus mahogoni,Lutjanidae,Lutjanus_mahogoni,48
Lutjanus monostigma,Lutjanidae,Lutjanus_monostigma,60
Lutjanus novemfasciatus,Lutjanidae,Lutjanus_novemfasciatus,170
Lutjanus quinquelineatus,Lutjanidae,Lutjanus_quinquelineatus,38
Lutjanus rivulatus,Lutjanidae,Lutjanus_rivulatus,80
Lutjanus rufolineatus,Lutjanidae,Lutjanus_rufolineatus,30
Lutjanus russellii,Lutjanidae,Lutjanus_russellii,50
Lutjanus sebae,Lutjanidae,Lutjanus_sebae,116
Lutjanus semicinctus,Lutjanidae,Lutjanus_semicinctus,35
Lutjanus synagris,Lutjanidae,Lutjanus_synagris,60
Lutjanus viridis,Lutjanidae,Lutjanus_viridis,30
Lutjanus vitta,Lutjanidae,Lutjanus_vitta,40
Luzonichthys waitei,Serranidae,Luzonichthys_waitei,7
Macolor macularis,Lutjanidae,Macolor_macularis,60
Macolor niger,Lutjanidae,Macolor_niger,75
Macropharyngodon bipartitus,Labridae,Macropharyngodon_bipartitus,13
Macropharyngodon choati,Labridae,Macropharyngodon_choati,7.6
Macropharyngodon geoffroy,Labridae,Macropharyngodon_geoffroy,15
Macropharyngodon kuiteri,Labridae,Macropharyngodon_kuiteri,10
Macropharyngodon meleagris,Labridae,Macropharyngodon_meleagris,15
Macropharyngodon negrosensis,Labridae,Macropharyngodon_negrosensis,12
Macropharyngodon ornatus,Labridae,Macropharyngodon_ornatus,13
Melichthys indicus,Balistidae,Melichthys_indicus,25
Melichthys niger,Balistidae,Melichthys_niger,50
Melichthys vidua,Balistidae,Melichthys_vidua,40
Microcanthus strigatus,Kyphosidae,Microcanthus_strigatus,16
Microspathodon bairdii,Pomacentridae,Microspathodon_bairdii,25
Microspathodon chrysurus,Pomacentridae,Microspathodon_chrysurus,21
Microspathodon dorsalis,Pomacentridae,Microspathodon_dorsalis,31
Microspathodon frontatus,Pomacentridae,Microspathodon_frontatus,17
Monacanthus chinensis,Monacanthidae,Monacanthus_chinensis,38
Monotaxis grandoculis,Lethrinidae,Monotaxis_grandoculis,60
Mugil cephalus,Mugilidae,Mugil_cephalus,100
Mugil curema,Mugilidae,Mugil_curema,91
Mugil galapagensis,Mugilidae,Mugil_galapagensis,40
Mulloidichthys dentatus,Mullidae,Mulloidichthys_dentatus,31
Mulloidichthys flavolineatus,Mullidae,Mulloidichthys_flavolineatus,43
Mulloidichthys martinicus,Mullidae,Mulloidichthys_martinicus,44.8
Mulloidichthys mimicus,Mullidae,Mulloidichthys_mimicus,30
Mulloidichthys vanicolensis,Mullidae,Mulloidichthys_vanicolensis,38
Mycteroperca acutirostris,Serranidae,Mycteroperca_acutirostris,80
Mycteroperca bonaci,Serranidae,Mycteroperca_bonaci,150
Mycteroperca fusca,Serranidae,Mycteroperca_fusca,80
Mycteroperca interstitialis,Serranidae,Mycteroperca_interstitialis,84
Mycteroperca olfax,Serranidae,Mycteroperca_olfax,120
Mycteroperca tigris,Serranidae,Mycteroperca_tigris,101
Mycteroperca xenarcha,Serranidae,Mycteroperca_xenarcha,150
Myripristis adusta,Holocentridae,Myripristis_adusta,35
Myripristis amaena,Holocentridae,Myripristis_amaena,26.5
Myripristis berndti,Holocentridae,Myripristis_berndti,30
Myripristis earlei,Holocentridae,Myripristis_earlei,24
Myripristis hexagona,Holocentridae,Myripristis_hexagona,30
Myripristis jacobus,Holocentridae,Myripristis_jacobus,25
Myripristis kuntee,Holocentridae,Myripristis_kuntee,26
Myripristis leiognathus,Holocentridae,Myripristis_leiognathus,18
Myripristis murdjan,Holocentridae,Myripristis_murdjan,60
Myripristis pralinia,Holocentridae,Myripristis_pralinia,20
Myripristis tiki,Holocentridae,Myripristis_tiki,26.5
Myripristis violacea,Holocentridae,Myripristis_violacea,35
Myripristis vittata,Holocentridae,Myripristis_vittata,25
Naso annulatus,Acanthuridae,Naso_annulatus,100
Naso brachycentron,Acanthuridae,Naso_brachycentron,90
Naso brevirostris,Acanthuridae,Naso_brevirostris,60
Naso caeruleacauda,Acanthuridae,Naso_caeruleacauda,40
Naso caesius,Acanthuridae,Naso_caesius,45.6
Naso elegans,Acanthuridae,Naso_elegans,45
Naso hexacanthus,Acanthuridae,Naso_hexacanthus,75
Naso lituratus,Acanthuridae,Naso_lituratus,46
Naso lopezi,Acanthuridae,Naso_lopezi,60
Naso mcdadei,Acanthuridae,Naso_mcdadei,75
Naso thynnoides,Acanthuridae,Naso_thynnoides,40
Naso tonganus,Acanthuridae,Naso_tonganus,60
Naso tuberosus,Acanthuridae,Naso_tuberosus,60
Naso unicornis,Acanthuridae,Naso_unicornis,70
Naso vlamingii,Acanthuridae,Naso_vlamingii,60
Nemanthias carberryi,Serranidae,Nemanthias_carberryi,13
Neocirrhites armatus,Cirrhitidae,Neocirrhites_armatus,9
Neoglyphidodon carlsoni,Pomacentridae,Neoglyphidodon_carlsoni,10
Neoglyphidodon melas,Pomacentridae,Neoglyphidodon_melas,18
Neoglyphidodon nigroris,Pomacentridae,Neoglyphidodon_nigroris,13
Neoglyphidodon polyacanthus,Pomacentridae,Neoglyphidodon_polyacanthus,12
Neoglyphidodon thoracotaeniatus,Pomacentridae,Neoglyphidodon_thoracotaeniatus,13.5
Neomyxus leuciscus,Mugilidae,Neomyxus_leuciscus,46
Neoniphon argenteus,Holocentridae,Neoniphon_argenteus,24
Neoniphon marianus,Holocentridae,Neoniphon_marianus,18
Neoniphon opercularis,Holocentridae,Neoniphon_opercularis,35
Neoniphon sammara,Holocentridae,Neoniphon_sammara,32
Neopomacentrus azysron,Pomacentridae,Neopomacentrus_azysron,7.5
Neopomacentrus bankieri,Pomacentridae,Neopomacentrus_bankieri,8
Neopomacentrus cyanomos,Pomacentridae,Neopomacentrus_cyanomos,10
Neopomacentrus filamentosus,Pomacentridae,Neopomacentrus_filamentosus,11
Neopomacentrus nemurus,Pomacentridae,Neopomacentrus_nemurus,8
Nexilosus latifrons,Pomacentridae,Nexilosus_latifrons,30
Nicholsina denticulata,Labridae,Nicholsina_denticulata,25.5578902459571
Notocirrhitus splendens,Cirrhitidae,Notocirrhitus_splendens,20
Notolabrus inscriptus,Labridae,Notolabrus_inscriptus,50
Notolabrus tetricus,Labridae,Notolabrus_tetricus,50
Novaculichthys taeniourus,Labridae,Novaculichthys_taeniourus,30
Ocyurus chrysurus,Lutjanidae,Ocyurus_chrysurus,86.3
Odontoscion dentex,Sciaenidae,Odontoscion_dentex,30
Odontoscion xanthops,Sciaenidae,Odontoscion_xanthops,30
Odonus niger,Balistidae,Odonus_niger,50
Orthopristis forbesi,Haemulidae,Orthopristis_forbesi,30.5
Orthopristis ruber,Haemulidae,Orthopristis_ruber,40
Ostracion cubicus,Ostraciidae,Ostracion_cubicus,36.5458910790314
Ostracion meleagris,Ostraciidae,Ostracion_meleagris,36.5458910790314
Ostracion solorensis,Ostraciidae,Ostracion_solorensis,36.5458910790314
Ostracion whitleyi,Ostraciidae,Ostracion_whitleyi,36.5458910790314
Oxycheilinus bimaculatus,Labridae,Oxycheilinus_bimaculatus,15
Oxycheilinus celebicus,Labridae,Oxycheilinus_celebicus,24
Oxycheilinus digramma,Labridae,Oxycheilinus_digramma,40
Oxycheilinus orientalis,Labridae,Oxycheilinus_orientalis,20
Oxycheilinus unifasciatus,Labridae,Oxycheilinus_unifasciatus,46
Oxycirrhites typus,Cirrhitidae,Oxycirrhites_typus,13
Oxymonacanthus longirostris,Monacanthidae,Oxymonacanthus_longirostris,12
Paracaesio sordida,Lutjanidae,Paracaesio_sordida,48
Paracaesio xanthura,Lutjanidae,Paracaesio_xanthura,50
Paracanthurus hepatus,Acanthuridae,Paracanthurus_hepatus,31
Paracentropyge multifasciata,Pomacanthidae,Paracentropyge_multifasciata,21.7017695752358
Parachaetodon ocellatus,Chaetodontidae,Parachaetodon_ocellatus,18
Paracheilinus filamentosus,Labridae,Paracheilinus_filamentosus,15
Paracheilinus octotaenia,Labridae,Paracheilinus_octotaenia,9
Paracirrhites arcatus,Cirrhitidae,Paracirrhites_arcatus,20
Paracirrhites forsteri,Cirrhitidae,Paracirrhites_forsteri,22
Paracirrhites hemistictus,Cirrhitidae,Paracirrhites_hemistictus,29
Paracirrhites nisus,Cirrhitidae,Paracirrhites_nisus,8.1
Paralabrax albomaculatus,Serranidae,Paralabrax_albomaculatus,50.8
Paraluteres prionurus,Monacanthidae,Paraluteres_prionurus,11
Paranthias colonus,Serranidae,Paranthias_colonus,35.6
Paranthias furcifer,Serranidae,Paranthias_furcifer,30
Parapriacanthus ransonneti,Pempheridae,Parapriacanthus_ransonneti,35.7396688513447
Parapristipoma humile,Haemulidae,Parapristipoma_humile,37.5
Pareques acuminatus,Sciaenidae,Pareques_acuminatus,23
Pareques viola,Sciaenidae,Pareques_viola,25
Parma alboscapularis,Pomacentridae,Parma_alboscapularis,22
Parma microlepis,Pomacentridae,Parma_microlepis,14
Parma oligolepis,Pomacentridae,Parma_oligolepis,16.5
Parma polylepis,Pomacentridae,Parma_polylepis,21
Parupeneus barberinoides,Mullidae,Parupeneus_barberinoides,30
Parupeneus barberinus,Mullidae,Parupeneus_barberinus,60
Parupeneus chrysopleuron,Mullidae,Parupeneus_chrysopleuron,55
Parupeneus ciliatus,Mullidae,Parupeneus_ciliatus,38
Parupeneus crassilabris,Mullidae,Parupeneus_crassilabris,38
Parupeneus cyclostomus,Mullidae,Parupeneus_cyclostomus,50
Parupeneus forsskali,Mullidae,Parupeneus_forsskali,28
Parupeneus heptacanthus,Mullidae,Parupeneus_heptacanthus,36
Parupeneus indicus,Mullidae,Parupeneus_indicus,45
Parupeneus insularis,Mullidae,Parupeneus_insularis,30
Parupeneus macronemus,Mullidae,Parupeneus_macronemus,40
Parupeneus multifasciatus,Mullidae,Parupeneus_multifasciatus,35
Parupeneus pleurostigma,Mullidae,Parupeneus_pleurostigma,33
Parupeneus porphyreus,Mullidae,Parupeneus_porphyreus,51
Parupeneus spilurus,Mullidae,Parupeneus_spilurus,50
Parupeneus trifasciatus,Mullidae,Parupeneus_trifasciatus,35
Pempheris adusta,Pempheridae,Pempheris_adusta,35.7396688513447
Pempheris analis,Pempheridae,Pempheris_analis,35.7396688513447
Pempheris mangula,Pempheridae,Pempheris_mangula,35.7396688513447
Pempheris molucca,Pempheridae,Pempheris_molucca,35.7396688513447
Pempheris oualensis,Pempheridae,Pempheris_oualensis,35.7396688513447
Pempheris schomburgkii,Pempheridae,Pempheris_schomburgkii,35.7396688513447
Pempheris schwenkii,Pempheridae,Pempheris_schwenkii,35.7396688513447
Pempheris vanicolensis,Pempheridae,Pempheris_vanicolensis,35.7396688513447
Pervagor alternans,Monacanthidae,Pervagor_alternans,16
Pervagor aspricaudus,Monacanthidae,Pervagor_aspricaudus,13
Pervagor janthinosoma,Monacanthidae,Pervagor_janthinosoma,13
Pervagor marginalis,Monacanthidae,Pervagor_marginalis,6.2
Pervagor melanocephalus,Monacanthidae,Pervagor_melanocephalus,16
Plectorhinchus albovittatus,Haemulidae,Plectorhinchus_albovittatus,100
Plectorhinchus chaetodonoides,Haemulidae,Plectorhinchus_chaetodonoides,72
Plectorhinchus chrysotaenia,Haemulidae,Plectorhinchus_chrysotaenia,41
Plectorhinchus flavomaculatus,Haemulidae,Plectorhinchus_flavomaculatus,60
Plectorhinchus gibbosus,Haemulidae,Plectorhinchus_gibbosus,75
Plectorhinchus lessonii,Haemulidae,Plectorhinchus_lessonii,40
Plectorhinchus lineatus,Haemulidae,Plectorhinchus_lineatus,72
Plectorhinchus multivittatus,Haemulidae,Plectorhinchus_multivittatus,50
Plectorhinchus picus,Haemulidae,Plectorhinchus_picus,84
Plectorhinchus polytaenia,Haemulidae,Plectorhinchus_polytaenia,50
Plectorhinchus schotaf,Haemulidae,Plectorhinchus_schotaf,80
Plectorhinchus vittatus,Haemulidae,Plectorhinchus_vittatus,72
Plectroglyphidodon dickii,Pomacentridae,Plectroglyphidodon_dickii,11
Plectroglyphidodon flaviventris,Pomacentridae,Plectroglyphidodon_flaviventris,7
Plectroglyphidodon johnstonianus,Pomacentridae,Plectroglyphidodon_johnstonianus,14
Plectroglyphidodon lacrymatus,Pomacentridae,Plectroglyphidodon_lacrymatus,10
Plectropomus areolatus,Serranidae,Plectropomus_areolatus,80
Plectropomus laevis,Serranidae,Plectropomus_laevis,125
Plectropomus leopardus,Serranidae,Plectropomus_leopardus,120
Plectropomus maculatus,Serranidae,Plectropomus_maculatus,125
Plectropomus oligacanthus,Serranidae,Plectropomus_oligacanthus,75
Plectropomus pessuliferus,Serranidae,Plectropomus_pessuliferus,120
Pomacanthus arcuatus,Pomacanthidae,Pomacanthus_arcuatus,60
Pomacanthus imperator,Pomacanthidae,Pomacanthus_imperator,40
Pomacanthus navarchus,Pomacanthidae,Pomacanthus_navarchus,28
Pomacanthus paru,Pomacanthidae,Pomacanthus_paru,41.1
Pomacanthus rhomboides,Pomacanthidae,Pomacanthus_rhomboides,46
Pomacanthus semicirculatus,Pomacanthidae,Pomacanthus_semicirculatus,40
Pomacanthus sexstriatus,Pomacanthidae,Pomacanthus_sexstriatus,46
Pomacanthus xanthometopon,Pomacanthidae,Pomacanthus_xanthometopon,38
Pomacanthus zonipectus,Pomacanthidae,Pomacanthus_zonipectus,46
Pomacentrus adelus,Pomacentridae,Pomacentrus_adelus,8.5
Pomacentrus alexanderae,Pomacentridae,Pomacentrus_alexanderae,9
Pomacentrus amboinensis,Pomacentridae,Pomacentrus_amboinensis,9
Pomacentrus australis,Pomacentridae,Pomacentrus_australis,8
Pomacentrus bankanensis,Pomacentridae,Pomacentrus_bankanensis,9
Pomacentrus brachialis,Pomacentridae,Pomacentrus_brachialis,8
Pomacentrus burroughi,Pomacentridae,Pomacentrus_burroughi,8.5
Pomacentrus caeruleus,Pomacentridae,Pomacentrus_caeruleus,10
Pomacentrus callainus,Pomacentridae,Pomacentrus_callainus,14.4714284873294
Pomacentrus chrysurus,Pomacentridae,Pomacentrus_chrysurus,9
Pomacentrus coelestis,Pomacentridae,Pomacentrus_coelestis,9
Pomacentrus grammorhynchus,Pomacentridae,Pomacentrus_grammorhynchus,9
Pomacentrus imitator,Pomacentridae,Pomacentrus_imitator,11
Pomacentrus lepidogenys,Pomacentridae,Pomacentrus_lepidogenys,9
Pomacentrus milleri,Pomacentridae,Pomacentrus_milleri,7.5
Pomacentrus moluccensis,Pomacentridae,Pomacentrus_moluccensis,9
Pomacentrus nagasakiensis,Pomacentridae,Pomacentrus_nagasakiensis,11
Pomacentrus nigromanus,Pomacentridae,Pomacentrus_nigromanus,9
Pomacentrus nigromarginatus,Pomacentridae,Pomacentrus_nigromarginatus,8
Pomacentrus opisthostigma,Pomacentridae,Pomacentrus_opisthostigma,6.5
Pomacentrus pavo,Pomacentridae,Pomacentrus_pavo,8.5
Pomacentrus philippinus,Pomacentridae,Pomacentrus_philippinus,10
Pomacentrus reidi,Pomacentridae,Pomacentrus_reidi,9
Pomacentrus simsiang,Pomacentridae,Pomacentrus_simsiang,7
Pomacentrus smithi,Pomacentridae,Pomacentrus_smithi,7
Pomacentrus spilotoceps,Pomacentridae,Pomacentrus_spilotoceps,10.1388236793621
Pomacentrus sulfureus,Pomacentridae,Pomacentrus_sulfureus,11
Pomacentrus trichrourus,Pomacentridae,Pomacentrus_trichrourus,8.85432029378721
Pomacentrus tripunctatus,Pomacentridae,Pomacentrus_tripunctatus,7.5
Pomacentrus vaiuli,Pomacentridae,Pomacentrus_vaiuli,10
Pomacentrus wardi,Pomacentridae,Pomacentrus_wardi,8
Pomadasys incisus,Haemulidae,Pomadasys_incisus,53.5
Premnas biaculeatus,Pomacentridae,Premnas_biaculeatus,17
Prionurus biafraensis,Acanthuridae,Prionurus_biafraensis,20
Prionurus laticlavius,Acanthuridae,Prionurus_laticlavius,60
Prionurus maculatus,Acanthuridae,Prionurus_maculatus,45
Prionurus microlepidotus,Acanthuridae,Prionurus_microlepidotus,70
Prognathodes aculeatus,Chaetodontidae,Prognathodes_aculeatus,10
Prognathodes marcellae,Chaetodontidae,Prognathodes_marcellae,11.6
Pseudanthias cooperi,Serranidae,Pseudanthias_cooperi,14
Pseudanthias dispar,Serranidae,Pseudanthias_dispar,9.5
Pseudanthias evansi,Serranidae,Pseudanthias_evansi,12
Pseudanthias hiva,Serranidae,Pseudanthias_hiva,10.04
Pseudanthias huchtii,Serranidae,Pseudanthias_huchtii,12
Pseudanthias hypselosoma,Serranidae,Pseudanthias_hypselosoma,19
Pseudanthias ignitus,Serranidae,Pseudanthias_ignitus,9
Pseudanthias mooreanus,Serranidae,Pseudanthias_mooreanus,7.2
Pseudanthias olivaceus,Serranidae,Pseudanthias_olivaceus,12
Pseudanthias pascalus,Serranidae,Pseudanthias_pascalus,20
Pseudanthias pictilis,Serranidae,Pseudanthias_pictilis,13.5
Pseudanthias pleurotaenia,Serranidae,Pseudanthias_pleurotaenia,20
Pseudanthias regalis,Serranidae,Pseudanthias_regalis,8
Pseudanthias squamipinnis,Serranidae,Pseudanthias_squamipinnis,15
Pseudanthias taeniatus,Serranidae,Pseudanthias_taeniatus,13
Pseudanthias tuka,Serranidae,Pseudanthias_tuka,12
Pseudobalistes flavimarginatus,Balistidae,Pseudobalistes_flavimarginatus,60
Pseudobalistes fuscus,Balistidae,Pseudobalistes_fuscus,55
Pseudobalistes naufragium,Balistidae,Pseudobalistes_naufragium,100
Pseudocheilinus evanidus,Labridae,Pseudocheilinus_evanidus,9
Pseudocheilinus hexataenia,Labridae,Pseudocheilinus_hexataenia,10
Pseudocheilinus octotaenia,Labridae,Pseudocheilinus_octotaenia,14
Pseudocheilinus tetrataenia,Labridae,Pseudocheilinus_tetrataenia,7.5
Pseudocoris heteroptera,Labridae,Pseudocoris_heteroptera,20
Pseudocoris yamashiroi,Labridae,Pseudocoris_yamashiroi,16
Pseudodax moluccanus,Labridae,Pseudodax_moluccanus,30
Pseudojuloides atavai,Labridae,Pseudojuloides_atavai,13
Pseudojuloides cerasinus,Labridae,Pseudojuloides_cerasinus,16.4332374425935
Pseudojuloides elongatus,Labridae,Pseudojuloides_elongatus,14
Pseudolabrus fuentesi,Labridae,Pseudolabrus_fuentesi,16.5
Pseudolabrus guentheri,Labridae,Pseudolabrus_guentheri,18
Pseudolabrus luculentus,Labridae,Pseudolabrus_luculentus,17
Pseudolabrus semifasciatus,Labridae,Pseudolabrus_semifasciatus,25
Pseudupeneus grandisquamis,Mullidae,Pseudupeneus_grandisquamis,30
Pseudupeneus maculatus,Mullidae,Pseudupeneus_maculatus,30
Pteragogus cryptus,Labridae,Pteragogus_cryptus,9.5
Pteragogus enneacanthus,Labridae,Pteragogus_enneacanthus,15
Pteragogus flagellifer,Labridae,Pteragogus_flagellifer,20
Pterois antennata,Scorpaenidae,Pterois_antennata,20
Pterois miles,Scorpaenidae,Pterois_miles,35
Pterois radiata,Scorpaenidae,Pterois_radiata,24
Pterois volitans,Scorpaenidae,Pterois_volitans,38
Pygoplites diacanthus,Pomacanthidae,Pygoplites_diacanthus,25
Rhinecanthus aculeatus,Balistidae,Rhinecanthus_aculeatus,30
Rhinecanthus rectangulus,Balistidae,Rhinecanthus_rectangulus,30
Rhinecanthus verrucosus,Balistidae,Rhinecanthus_verrucosus,23
Rypticus bicolor,Serranidae,Rypticus_bicolor,28
Rypticus nigripinnis,Serranidae,Rypticus_nigripinnis,20.3
Rypticus saponaceus,Serranidae,Rypticus_saponaceus,35
Sargocentron bullisi,Holocentridae,Sargocentron_bullisi,13
Sargocentron caudimaculatum,Holocentridae,Sargocentron_caudimaculatum,25
Sargocentron cornutum,Holocentridae,Sargocentron_cornutum,27
Sargocentron diadema,Holocentridae,Sargocentron_diadema,17
Sargocentron hastatum,Holocentridae,Sargocentron_hastatum,27.9
Sargocentron hormion,Holocentridae,Sargocentron_hormion,16.6
Sargocentron ittodai,Holocentridae,Sargocentron_ittodai,20
Sargocentron melanospilos,Holocentridae,Sargocentron_melanospilos,25
Sargocentron microstoma,Holocentridae,Sargocentron_microstoma,20
Sargocentron punctatissimum,Holocentridae,Sargocentron_punctatissimum,23
Sargocentron rubrum,Holocentridae,Sargocentron_rubrum,32
Sargocentron spiniferum,Holocentridae,Sargocentron_spiniferum,51
Sargocentron suborbitale,Holocentridae,Sargocentron_suborbitale,21.6494022240776
Sargocentron tiere,Holocentridae,Sargocentron_tiere,33
Sargocentron tiereoides,Holocentridae,Sargocentron_tiereoides,19.5
Sargocentron vexillarium,Holocentridae,Sargocentron_vexillarium,18
Sargocentron violaceum,Holocentridae,Sargocentron_violaceum,45
Sargocentron wilhelmi,Holocentridae,Sargocentron_wilhelmi,19.5
Scarus altipinnis,Labridae,Scarus_altipinnis,17.1526244869965
Scarus chameleon,Labridae,Scarus_chameleon,16.4155722550321
Scarus coelestinus,Labridae,Scarus_coelestinus,17.1526244869965
Scarus coeruleus,Labridae,Scarus_coeruleus,42.3334862964854
Scarus compressus,Labridae,Scarus_compressus,17.1526244869965
Scarus dimidiatus,Labridae,Scarus_dimidiatus,17.1526244869965
Scarus dubius,Labridae,Scarus_dubius,17.7878101670535
Scarus ferrugineus,Labridae,Scarus_ferrugineus,17.1526244869965
Scarus festivus,Labridae,Scarus_festivus,16.4155722550321
Scarus flavipectoralis,Labridae,Scarus_flavipectoralis,17.7032049094383
Scarus forsteni,Labridae,Scarus_forsteni,17.1526244869965
Scarus frenatus,Labridae,Scarus_frenatus,17.1526244869965
Scarus ghobban,Labridae,Scarus_ghobban,17.1526244869965
Scarus globiceps,Labridae,Scarus_globiceps,15.6141002276944
Scarus guacamaia,Labridae,Scarus_guacamaia,17.1526244869965
Scarus hoefleri,Labridae,Scarus_hoefleri,26.6423406016673
Scarus hypselopterus,Labridae,Scarus_hypselopterus,17.7032049094383
Scarus iseri,Labridae,Scarus_iseri,17.1526244869965
Scarus koputea,Labridae,Scarus_koputea,17.1526244869965
Scarus longipinnis,Labridae,Scarus_longipinnis,17.7878101670535
Scarus niger,Labridae,Scarus_niger,17.1526244869965
Scarus oviceps,Labridae,Scarus_oviceps,15.6141002276944
Scarus perrico,Labridae,Scarus_perrico,38.0329212736773
Scarus prasiognathos,Labridae,Scarus_prasiognathos,17.1526244869965
Scarus psittacus,Labridae,Scarus_psittacus,17.7032049094383
Scarus quoyi,Labridae,Scarus_quoyi,16.0394000627508
Scarus rivulatus,Labridae,Scarus_rivulatus,15.5488572559055
Scarus rubroviolaceus,Labridae,Scarus_rubroviolaceus,17.1526244869965
Scarus russelii,Labridae,Scarus_russelii,17.7032049094383
Scarus schlegeli,Labridae,Scarus_schlegeli,17.7032049094383
Scarus spinus,Labridae,Scarus_spinus,16.9578814717485
Scarus taeniopterus,Labridae,Scarus_taeniopterus,17.1526244869965
Scarus tricolor,Labridae,Scarus_tricolor,17.1526244869965
Scarus trispinosus,Labridae,Scarus_trispinosus,17.1526244869965
Scarus vetula,Labridae,Scarus_vetula,14.9125820814632
Scarus xanthopleura,Labridae,Scarus_xanthopleura,17.1526244869965
Scarus zelindae,Labridae,Scarus_zelindae,17.1526244869965
Scorpaena cardinalis,Scorpaenidae,Scorpaena_cardinalis,18
Scorpaena histrio,Scorpaenidae,Scorpaena_histrio,26
Scorpaena mystes,Scorpaenidae,Scorpaena_mystes,45.7
Scorpaena plumieri,Scorpaenidae,Scorpaena_plumieri,45
Scorpaenopsis diabolus,Scorpaenidae,Scorpaenopsis_diabolus,30
Scorpaenopsis oxycephala,Scorpaenidae,Scorpaenopsis_oxycephala,36
Scorpaenopsis papuensis,Scorpaenidae,Scorpaenopsis_papuensis,25
Scorpaenopsis possi,Scorpaenidae,Scorpaenopsis_possi,19.4
Scorpis violacea,Kyphosidae,Scorpis_violacea,40
Sebastapistes tinkhami,Scorpaenidae,Sebastapistes_tinkhami,10
Semicossyphus darwini,Labridae,Semicossyphus_darwini,70
Serranocirrhitus latus,Serranidae,Serranocirrhitus_latus,13
Serranus baldwini,Serranidae,Serranus_baldwini,12
Serranus flaviventris,Serranidae,Serranus_flaviventris,8
Serranus psittacinus,Serranidae,Serranus_psittacinus,18
Serranus tico,Serranidae,Serranus_tico,8.5
Serranus tigrinus,Serranidae,Serranus_tigrinus,29
Siganus argenteus,Siganidae,Siganus_argenteus,40
Siganus canaliculatus,Siganidae,Siganus_canaliculatus,40
Siganus corallinus,Siganidae,Siganus_corallinus,35
Siganus doliatus,Siganidae,Siganus_doliatus,25
Siganus fuscescens,Siganidae,Siganus_fuscescens,40
Siganus guttatus,Siganidae,Siganus_guttatus,42
Siganus javus,Siganidae,Siganus_javus,53
Siganus lineatus,Siganidae,Siganus_lineatus,43
Siganus luridus,Siganidae,Siganus_luridus,30
Siganus puellus,Siganidae,Siganus_puellus,38
Siganus punctatissimus,Siganidae,Siganus_punctatissimus,35
Siganus punctatus,Siganidae,Siganus_punctatus,40
Siganus spinus,Siganidae,Siganus_spinus,28
Siganus stellatus,Siganidae,Siganus_stellatus,40
Siganus sutor,Siganidae,Siganus_sutor,45
Siganus trispilos,Siganidae,Siganus_trispilos,25
Siganus virgatus,Siganidae,Siganus_virgatus,30
Siganus vulpinus,Siganidae,Siganus_vulpinus,25
Similiparma hermani,Pomacentridae,Similiparma_hermani,16
Sparisoma amplum,Labridae,Sparisoma_amplum,25.5578902459571
Sparisoma atomarium,Labridae,Sparisoma_atomarium,25.5578902459571
Sparisoma aurofrenatum,Labridae,Sparisoma_aurofrenatum,25.5578902459571
Sparisoma axillare,Labridae,Sparisoma_axillare,25.5578902459571
Sparisoma chrysopterum,Labridae,Sparisoma_chrysopterum,25.5578902459571
Sparisoma cretense,Labridae,Sparisoma_cretense,25.5578902459571
Sparisoma frondosum,Labridae,Sparisoma_frondosum,25.5578902459571
Sparisoma radians,Labridae,Sparisoma_radians,25.5578902459571
Sparisoma rubripinne,Labridae,Sparisoma_rubripinne,25.5578902459571
Sparisoma tuiupiranga,Labridae,Sparisoma_tuiupiranga,25.5578902459571
Sparisoma viride,Labridae,Sparisoma_viride,25.5578902459571
Sphoeroides annulatus,Tetraodontidae,Sphoeroides_annulatus,44
Sphoeroides lobatus,Tetraodontidae,Sphoeroides_lobatus,25
Sphoeroides spengleri,Tetraodontidae,Sphoeroides_spengleri,30
Stegastes acapulcoensis,Pomacentridae,Stegastes_acapulcoensis,17
Stegastes adustus,Pomacentridae,Stegastes_adustus,15
Stegastes albifasciatus,Pomacentridae,Stegastes_albifasciatus,13
Stegastes apicalis,Pomacentridae,Stegastes_apicalis,15
Stegastes arcifrons,Pomacentridae,Stegastes_arcifrons,13
Stegastes aureus,Pomacentridae,Stegastes_aureus,11
Stegastes beebei,Pomacentridae,Stegastes_beebei,15
Stegastes diencaeus,Pomacentridae,Stegastes_diencaeus,12.5
Stegastes emeryi,Pomacentridae,Stegastes_emeryi,10
Stegastes fasciolatus,Pomacentridae,Stegastes_fasciolatus,16.5
Stegastes flavilatus,Pomacentridae,Stegastes_flavilatus,10
Stegastes fuscus,Pomacentridae,Stegastes_fuscus,12.6
Stegastes gascoynei,Pomacentridae,Stegastes_gascoynei,15
Stegastes imbricatus,Pomacentridae,Stegastes_imbricatus,10
Stegastes insularis,Pomacentridae,Stegastes_insularis,11
Stegastes leucorus,Pomacentridae,Stegastes_leucorus,14
Stegastes leucostictus,Pomacentridae,Stegastes_leucostictus,10
Stegastes lividus,Pomacentridae,Stegastes_lividus,11
Stegastes nigricans,Pomacentridae,Stegastes_nigricans,14
Stegastes obreptus,Pomacentridae,Stegastes_obreptus,12
Stegastes partitus,Pomacentridae,Stegastes_partitus,10
Stegastes pictus,Pomacentridae,Stegastes_pictus,7.5
Stegastes planifrons,Pomacentridae,Stegastes_planifrons,13
Stegastes punctatus,Pomacentridae,Stegastes_punctatus,13
Stegastes redemptus,Pomacentridae,Stegastes_redemptus,12
Stegastes sanctipauli,Pomacentridae,Stegastes_sanctipauli,9
Stegastes variabilis,Pomacentridae,Stegastes_variabilis,12.5
Stephanolepis hispidus,Monacanthidae,Stephanolepis_hispidus,27.5
Stethojulis albovittata,Labridae,Stethojulis_albovittata,14
Stethojulis balteata,Labridae,Stethojulis_balteata,15
Stethojulis bandanensis,Labridae,Stethojulis_bandanensis,15
Stethojulis interrupta,Labridae,Stethojulis_interrupta,13
Stethojulis strigiventer,Labridae,Stethojulis_strigiventer,15
Stethojulis trilineata,Labridae,Stethojulis_trilineata,15
Sufflamen albicaudatum,Balistidae,Sufflamen_albicaudatum,22
Sufflamen bursa,Balistidae,Sufflamen_bursa,25
Sufflamen chrysopterum,Balistidae,Sufflamen_chrysopterum,30
Sufflamen fraenatum,Balistidae,Sufflamen_fraenatum,38
Sufflamen verres,Balistidae,Sufflamen_verres,40
Symphorichthys spilurus,Lutjanidae,Symphorichthys_spilurus,60
Symphorus nematophorus,Lutjanidae,Symphorus_nematophorus,100
Taenianotus triacanthus,Scorpaenidae,Taenianotus_triacanthus,10
Thalassoma amblycephalum,Labridae,Thalassoma_amblycephalum,16
Thalassoma ballieui,Labridae,Thalassoma_ballieui,39.5
Thalassoma bifasciatum,Labridae,Thalassoma_bifasciatum,25
Thalassoma duperrey,Labridae,Thalassoma_duperrey,28
Thalassoma grammaticum,Labridae,Thalassoma_grammaticum,32
Thalassoma hardwicke,Labridae,Thalassoma_hardwicke,20
Thalassoma hebraicum,Labridae,Thalassoma_hebraicum,23
Thalassoma heiseri,Labridae,Thalassoma_heiseri,11.62
Thalassoma jansenii,Labridae,Thalassoma_jansenii,20
Thalassoma lucasanum,Labridae,Thalassoma_lucasanum,15
Thalassoma lunare,Labridae,Thalassoma_lunare,45
Thalassoma lutescens,Labridae,Thalassoma_lutescens,30
Thalassoma newtoni,Labridae,Thalassoma_newtoni,24.7020778534408
Thalassoma nigrofasciatum,Labridae,Thalassoma_nigrofasciatum,20
Thalassoma noronhanum,Labridae,Thalassoma_noronhanum,13.3
Thalassoma pavo,Labridae,Thalassoma_pavo,25
Thalassoma purpureum,Labridae,Thalassoma_purpureum,46
Thalassoma quinquevittatum,Labridae,Thalassoma_quinquevittatum,17
Thalassoma robertsoni,Labridae,Thalassoma_robertsoni,7.82
Thalassoma rueppellii,Labridae,Thalassoma_rueppellii,20
Thalassoma trilobatum,Labridae,Thalassoma_trilobatum,30
Thamnaconus analis,Monacanthidae,Thamnaconus_analis,19.3
Trachypoma macracanthus,Serranidae,Trachypoma_macracanthus,22
Upeneus tragula,Mullidae,Upeneus_tragula,25
Variola albimarginata,Serranidae,Variola_albimarginata,65
Variola louti,Serranidae,Variola_louti,83
Xanthichthys auromarginatus,Balistidae,Xanthichthys_auromarginatus,30
Xanthichthys mento,Balistidae,Xanthichthys_mento,30
Xenocys jessiae,Haemulidae,Xenocys_jessiae,30
Zanclus cornutus,Zanclidae,Zanclus_cornutus,40.9769285387774
Zebrasoma desjardinii,Acanthuridae,Zebrasoma_desjardinii,40
Zebrasoma flavescens,Acanthuridae,Zebrasoma_flavescens,20
Zebrasoma rostratum,Acanthuridae,Zebrasoma_rostratum,21
Zebrasoma scopas,Acanthuridae,Zebrasoma_scopas,40
Zebrasoma velifer,Acanthuridae,Zebrasoma_velifer,36.4804695803103
Zebrasoma xanthurum,Acanthuridae,Zebrasoma_xanthurum,36.7
Rhinesomus triqueter,Ostraciidae,Rhinesomus_triqueter,36.5458910790314
Abudefduf luridus,Pomacentridae,Abudefduf_luridus,10.5276220829454
